Year,Rank,Airline
2012,1,Qatar Airways
2012,2,Asiana Airlines
2012,3,Singapore Airlines
2012,4,Cathay Pacific Airways
2012,5,ANA All Nippon Airways
2012,6,Etihad Airways
2012,7,Turkish Airlines
2012,8,Emirates
2012,9,Thai Airways
2012,10,Malaysia Airlines
2012,11,Garuda Indonesia
2012,12,Virgin Australia
2012,13,EVA Air
2012,14,Lufthansa
2012,15,Qantas Airways
2012,16,Korean Air
2012,17,Air New Zealand
2012,18,Swiss International Air Lines
2012,19,Air Canada
2012,20,Hainan Airlines
2012,21,Dragonair
2012,22,AirAsia
2012,23,Oman Air
2012,24,Aegean Airlines
2012,25,South African Airways
2012,26,Virgin America
2012,27,Bangkok Airways
2012,28,British Airways
2012,29,China Southern Airlines
2012,30,Jetstar Airways
2012,31,Finnair
2012,32,TAM Airlines
2012,33,China Airlines
2012,34,KLM Royal Dutch Airlines
2012,35,Japan Airlines
2012,36,SilkAir
2012,37,Air China
2012,38,LAN Airlines
2012,39,Austrian Airlines
2012,40,AirAsia X
2012,41,EasyJet
2012,42,TACA Airlines
2012,43,WestJet
2012,44,China Eastern Airlines
2012,45,Hong Kong Airlines
2012,46,Jetstar Asia
2012,47,Vietnam Airlines
2012,48,Air France
2012,49,Alaska Airlines
2012,50,Virgin Atlantic
2012,51,Southwest Airlines
2012,52,jetBlue Airways
2012,53,Air Astana
2012,54,Azul Airlines
2012,55,IndiGo
2012,56,Avianca
2012,57,Delta Air Lines
2012,58,Jet Airways
2012,59,bmi British Midland
2012,60,American Eagle
2012,61,Copa Airlines
2012,62,Air Nostrum
2012,63,Brussels Airlines
2012,64,United Airlines
2012,65,Air Berlin
2012,66,Kulula
2012,67,TAP Portugal
2012,68,SAS Scandinavian
2012,69,TRIP Airlines
2012,70,SriLankan Airlines
2012,71,Air Mauritius
2012,72,Transaero Airlines
2012,73,Baboo Airlines
2012,74,Norwegian
2012,75,NIKI
2012,76,Air Transat
2012,77,Hong Kong Express
2012,78,Kenya Airways
2012,79,Kingfisher Airlines
2012,80,Hawaiian Airlines
2012,81,SpiceJet
2012,82,Gulf Air
2012,83,Alitalia
2012,84,American Airlines
2012,85,Aeroflot
2012,86,Tigerair
2012,87,Saudia
2012,88,Icelandair
2012,89,Shenzhen Airlines
2012,90,Porter Airlines
2012,91,Aer Arann
2012,92,Tianjin Airlines
2012,93,Nok Air
2012,94,Royal Jordanian Airlines
2012,95,Egyptair
2012,96,Air Pacific
2012,97,Aer Lingus
2012,98,Aer Busan
2012,99,Cyprus Airways
2012,100,Skymark Airlines
2013,1,Emirates
2013,2,Qatar Airways
2013,3,Singapore Airlines
2013,4,ANA All Nippon Airways
2013,5,Asiana Airlines
2013,6,Cathay Pacific Airways
2013,7,Etihad Airways
2013,8,Garuda Indonesia
2013,9,Turkish Airlines
2013,10,Qantas Airways
2013,11,Lufthansa
2013,12,EVA Air
2013,13,Virgin Australia
2013,14,Malaysia Airlines
2013,15,Thai Airways
2013,16,Swiss International Air Lines
2013,17,Korean Air
2013,18,Air New Zealand
2013,19,Hainan Airlines
2013,20,Air Canada
2013,21,South African Airways
2013,22,Oman Air
2013,23,Dragonair
2013,24,AirAsia
2013,25,Japan Airlines
2013,26,Jetstar Airways
2013,27,British Airways
2013,28,China Southern Airlines
2013,29,Virgin America
2013,30,Aegean Airlines
2013,31,Bangkok Airways
2013,32,AirAsia X
2013,33,Austrian Airlines
2013,34,Finnair
2013,35,SilkAir
2013,36,LAN Airlines
2013,37,KLM Royal Dutch Airlines
2013,38,Virgin Atlantic
2013,39,TAM Airlines
2013,40,Air France
2013,41,Hong Kong Airlines
2013,42,Air Astana
2013,43,IndiGo
2013,44,Norwegian
2013,45,Delta Air Lines
2013,46,jetBlue Airways
2013,47,Brussels Airlines
2013,48,Jetstar Asia
2013,49,EasyJet
2013,50,China Airlines
2013,51,Air China
2013,52,Jet Airways
2013,53,Vietnam Airlines
2013,54,SAS Scandinavian
2013,55,Copa Airlines
2013,56,Air Seychelles
2013,57,United Airlines
2013,58,TACA Airlines
2013,59,Air Berlin
2013,60,Shenzhen Airlines
2013,61,Aeroflot
2013,62,Alaska Airlines
2013,63,WestJet
2013,64,Avianca
2013,65,Transaero Airlines
2013,66,China Eastern Airlines
2013,67,Azul Airlines
2013,68,SriLankan Airlines
2013,69,Azerbaijan Airlines
2013,70,Alitalia
2013,71,Scoot
2013,72,Air Mauritius
2013,73,Icelandair
2013,74,Southwest Airlines
2013,75,Aer Lingus
2013,76,Kulula
2013,77,TAP Portugal
2013,78,Air Nostrum
2013,79,Hawaiian Airlines
2013,80,Thomson Airways
2013,81,American Airlines
2013,82,Tianjin Airlines
2013,83,SpiceJet
2013,84,American Eagle
2013,85,Ethiopian Airlines
2013,86,Air Transat
2013,87,Tigerair
2013,88,Porter Airlines
2013,89,Peach
2013,90,Philippine Airlines
2013,91,Germanwings
2013,92,Iberia
2013,93,Kenya Airways
2013,94,S7 Airlines
2013,95,Air Pacific
2013,96,Gulf Air
2013,97,US Airways
2013,98,NIKI
2013,99,Vueling Airlines
2013,100,Royal Jordanian Airlines
2014,1,Cathay Pacific Airways
2014,2,Qatar Airways
2014,3,Singapore Airlines
2014,4,Emirates
2014,5,Turkish Airlines
2014,6,ANA All Nippon Airways
2014,7,Garuda Indonesia
2014,8,Asiana Airlines
2014,9,Etihad Airways
2014,10,Lufthansa
2014,11,Qantas Airways
2014,12,EVA Air
2014,13,Swiss International Air Lines
2014,14,Thai Airways
2014,15,Virgin Australia
2014,16,Air New Zealand
2014,17,British Airways
2014,18,Malaysia Airlines
2014,19,Hainan Airlines
2014,20,Bangkok Airways
2014,21,Austrian Airlines
2014,22,South African Airways
2014,23,Japan Airlines
2014,24,Air Canada
2014,25,Air France
2014,26,Korean Air
2014,27,Oman Air
2014,28,Dragonair
2014,29,Hong Kong Airlines
2014,30,Aegean Airlines
2014,31,AirAsia
2014,32,KLM Royal Dutch Airlines
2014,33,LAN Airlines
2014,34,Virgin Atlantic
2014,35,China Southern Airlines
2014,36,AirAsia X
2014,37,Finnair
2014,38,Norwegian
2014,39,Jetstar Airways
2014,40,SilkAir
2014,41,Air Astana
2014,42,TAM Airlines
2014,43,IndiGo
2014,44,EasyJet
2014,45,WestJet
2014,46,Virgin America
2014,47,Avianca
2014,48,Brussels Airlines
2014,49,Delta Air Lines
2014,50,Jetstar Asia
2014,51,Aeroflot
2014,52,SAS Scandinavian
2014,53,United Airlines
2014,54,China Airlines
2014,55,Porter Airlines
2014,56,Transaero Airlines
2014,57,Copa Airlines
2014,58,Vietnam Airlines
2014,59,jetBlue Airways
2014,60,Air Mauritius
2014,61,Scoot
2014,62,Air Seychelles
2014,63,Azul Airlines
2014,64,TAP Portugal
2014,65,Aer Lingus
2014,66,Tianjin Airlines
2014,67,Iberia
2014,68,Thomson Airways
2014,69,Alaska Airlines
2014,70,Air Berlin
2014,71,Southwest Airlines
2014,72,Azerbaijan Airlines
2014,73,SriLankan Airlines
2014,74,Ethiopian Airlines
2014,75,Jet Airways
2014,76,Alitalia
2014,77,Saudia
2014,78,Shenzhen Airlines
2014,79,American Eagle
2014,80,Peach
2014,81,Icelandair
2014,82,Germanwings
2014,83,Air Nostrum
2014,84,Kenya Airways
2014,85,Air China
2014,86,Gulf Air
2014,87,SpiceJet
2014,88,Hawaiian Airlines
2014,89,American Airlines
2014,90,Air Transat
2014,91,Tigerair
2014,92,TAAG Angola Airlines
2014,93,Philippine Airlines
2014,94,China Eastern Airlines
2014,95,Mango
2014,96,Vueling Airlines
2014,97,Fiji Airways
2014,98,S7 Airlines
2014,99,Croatia Airlines
2014,100,Kulula
2015,1,Qatar Airways
2015,2,Singapore Airlines
2015,3,Cathay Pacific Airways
2015,4,Turkish Airlines
2015,5,Emirates
2015,6,Etihad Airways
2015,7,ANA All Nippon Airways
2015,8,Garuda Indonesia
2015,9,EVA Air
2015,10,Qantas Airways
2015,11,Asiana Airlines
2015,12,Lufthansa
2015,13,Austrian Airlines
2015,14,Swiss International Air Lines
2015,15,Air France
2015,16,Virgin Australia
2015,17,Air New Zealand
2015,18,Dragonair
2015,19,Thai Airways
2015,20,British Airways
2015,21,Japan Airlines
2015,22,Hainan Airlines
2015,23,Bangkok Airways
2015,24,Malaysia Airlines
2015,25,AirAsia
2015,26,Virgin America
2015,27,Air Canada
2015,28,KLM Royal Dutch Airlines
2015,29,Aegean Airlines
2015,30,Hong Kong Airlines
2015,31,Finnair
2015,32,LAN Airlines
2015,33,Norwegian
2015,34,South African Airways
2015,35,Oman Air
2015,36,China Southern Airlines
2015,37,Virgin Atlantic
2015,38,Korean Air
2015,39,EasyJet
2015,40,Air Astana
2015,41,Jetstar Airways
2015,42,SilkAir
2015,43,AirAsia X
2015,44,IndiGo
2015,45,Delta Air Lines
2015,46,Aeroflot
2015,47,WestJet
2015,48,Porter Airlines
2015,49,Avianca
2015,50,jetBlue Airways
2015,51,TAM Airlines
2015,52,China Airlines
2015,53,Jetstar Asia
2015,54,Brussels Airlines
2015,55,Vietnam Airlines
2015,56,Iberia
2015,57,SAS Scandinavian
2015,58,Scoot
2015,59,Thomson Airways
2015,60,United Airlines
2015,61,Aer Lingus
2015,62,Azul Airlines
2015,63,Air Seychelles
2015,64,Copa Airlines
2015,65,Alaska Airlines
2015,66,Azerbaijan Airlines
2015,67,Southwest Airlines
2015,68,Transaero Airlines
2015,69,Air Mauritius
2015,70,TAP Portugal
2015,71,Air Berlin
2015,72,Germanwings
2015,73,SriLankan Airlines
2015,74,Alitalia
2015,75,Peach
2015,76,Jet Airways
2015,77,Ethiopian Airlines
2015,78,American Eagle
2015,79,American Airlines
2015,80,Air Transat
2015,81,Icelandair
2015,82,Hawaiian Airlines
2015,83,Air Nostrum
2015,84,Saudia
2015,85,China Eastern Airlines
2015,86,Kenya Airways
2015,87,Philippine Airlines
2015,88,Gulf Air
2015,89,Juneyao Air
2015,90,TAAG Angola Airlines
2015,91,Tianjin Airlines
2015,92,Shenzhen Airlines
2015,93,Air China
2015,94,SpiceJet
2015,95,Tigerair
2015,96,Mango
2015,97,Vueling Airlines
2015,98,NIKI
2015,99,Kulula
2015,100,Fiji Airways
2016,1,Emirates
2016,2,Qatar Airways
2016,3,Singapore Airlines
2016,4,Cathay Pacific Airways
2016,5,ANA All Nippon Airways
2016,6,Etihad Airways
2016,7,Turkish Airlines
2016,8,EVA Air
2016,9,Qantas Airways
2016,10,Lufthansa
2016,11,Garuda Indonesia
2016,12,Hainan Airlines
2016,13,Thai Airways
2016,14,Air France
2016,15,Swiss International Air Lines
2016,16,Asiana Airlines
2016,17,Air New Zealand
2016,18,Virgin Australia
2016,19,Austrian Airlines
2016,20,Bangkok Airways
2016,21,Japan Airlines
2016,22,Dragonair
2016,23,AirAsia
2016,24,KLM Royal Dutch Airlines
2016,25,Virgin America
2016,26,British Airways
2016,27,Finnair
2016,28,Virgin Atlantic
2016,29,Hong Kong Airlines
2016,30,Norwegian
2016,31,Air Canada
2016,32,China Southern Airlines
2016,33,Aegean Airlines
2016,34,Malaysia Airlines
2016,35,Delta Air Lines
2016,36,Korean Air
2016,37,China Airlines
2016,38,EasyJet
2016,39,SilkAir
2016,40,Aeroflot
2016,41,South African Airways
2016,42,Oman Air
2016,43,Air Astana
2016,44,Vietnam Airlines
2016,45,LAN Airlines
2016,46,Jetstar Airways
2016,47,Porter Airlines
2016,48,AirAsia X
2016,49,Aer Lingus
2016,50,WestJet
2016,51,IndiGo
2016,52,Iberia
2016,53,jetBlue Airways
2016,54,Jetstar Asia
2016,55,Azul Airlines
2016,56,Avianca
2016,57,TAM Airlines
2016,58,Alitalia
2016,59,Brussels Airlines
2016,60,Alaska Airlines
2016,61,Scoot
2016,62,SAS Scandinavian
2016,63,Air Seychelles
2016,64,TAP Portugal
2016,65,Thomson Airways
2016,66,Southwest Airlines
2016,67,SriLankan Airlines
2016,68,United Airlines
2016,69,Copa Airlines
2016,70,Azerbaijan Airlines
2016,71,Jet Airways
2016,72,Hawaiian Airlines
2016,73,Air Mauritius
2016,74,Air Berlin
2016,75,Eurowings
2016,76,Ethiopian Airlines
2016,77,American Airlines
2016,78,Peach
2016,79,China Eastern Airlines
2016,80,Gulf Air
2016,81,Icelandair
2016,82,Saudia
2016,83,Philippine Airlines
2016,84,American Eagle
2016,85,Kenya Airways
2016,86,TAAG Angola Airlines
2016,87,Air China
2016,88,Air Transat
2016,89,Air Nostrum
2016,90,Juneyao Air
2016,91,Fiji Airways
2016,92,LOT Polish
2016,93,Kulula
2016,94,Aeromexico
2016,95,Royal Brunei Airlines
2016,96,Tianjin Airlines
2016,97,Tigerair
2016,98,Mango
2016,99,Royal Jordanian Airlines
2016,100,SpiceJet
2017,1,Qatar Airways
2017,2,Singapore Airlines
2017,3,ANA All Nippon Airways
2017,4,Emirates
2017,5,Cathay Pacific Airways
2017,6,EVA Air
2017,7,Lufthansa
2017,8,Etihad Airways
2017,9,Hainan Airlines
2017,10,Garuda Indonesia
2017,11,Thai Airways
2017,12,Turkish Airlines
2017,13,Virgin Australia
2017,14,Swiss International Air Lines
2017,15,Qantas Airways
2017,16,Japan Airlines
2017,17,Austrian Airlines
2017,18,Air France
2017,19,Air New Zealand
2017,20,Asiana Airlines
2017,21,Bangkok Airways
2017,22,KLM Royal Dutch Airlines
2017,23,China Southern Airlines
2017,24,Hong Kong Airlines
2017,25,Finnair
2017,26,AirAsia
2017,27,Cathay Dragon
2017,28,Norwegian
2017,29,Air Canada
2017,30,Aeroflot
2017,31,Malaysia Airlines
2017,32,Delta Air Lines
2017,33,Virgin Atlantic
2017,34,Korean Air
2017,35,China Airlines
2017,36,Alaska Airlines
2017,37,Aegean Airlines
2017,38,Aer Lingus
2017,39,jetBlue Airways
2017,40,British Airways
2017,41,EasyJet
2017,42,Iberia
2017,43,Virgin America
2017,44,Jetstar Airways
2017,45,AirAsia X
2017,46,Air Astana
2017,47,Vietnam Airlines
2017,48,Ethiopian Airlines
2017,49,South African Airways
2017,50,Avianca
2017,51,Saudia
2017,52,Azul Airlines
2017,53,Oman Air
2017,54,Southwest Airlines
2017,55,Porter Airlines
2017,56,SilkAir
2017,57,IndiGo
2017,58,WestJet
2017,59,LATAM
2017,60,Scoot
2017,61,Jetstar Asia
2017,62,TAP Portugal
2017,63,Alitalia
2017,64,Eurowings
2017,65,SAS Scandinavian
2017,66,Thomson Airways
2017,67,Philippine Airlines
2017,68,Brussels Airlines
2017,69,Copa Airlines
2017,70,Air Transat
2017,71,Azerbaijan Airlines
2017,72,China Eastern Airlines
2017,73,Jet Airways
2017,74,American Airlines
2017,75,Fiji Airways
2017,76,Ryanair
2017,77,Air Mauritius
2017,78,United Airlines
2017,79,LOT Polish
2017,80,Air Seychelles
2017,81,SriLankan Airlines
2017,82,Icelandair
2017,83,Juneyao Air
2017,84,Gulf Air
2017,85,Air Berlin
2017,86,Hawaiian Airlines
2017,87,American Eagle
2017,88,Vueling Airlines
2017,89,Air Nostrum
2017,90,Tigerair
2017,91,Kenya Airways
2017,92,Royal Brunei Airlines
2017,93,Air Malta
2017,94,Xiamen Airlines
2017,95,S7 Airlines
2017,96,Peach
2017,97,Royal Air Maroc
2017,98,Air China
2017,99,Air Canada rouge
2017,100,Aeromexico
2018,1,Singapore Airlines
2018,2,Qatar Airways
2018,3,ANA All Nippon Airways
2018,4,Emirates
2018,5,EVA Air
2018,6,Cathay Pacific Airways
2018,7,Lufthansa
2018,8,Hainan Airlines
2018,9,Garuda Indonesia
2018,10,Thai Airways
2018,11,Qantas Airways
2018,12,Swiss International Air Lines
2018,13,Japan Airlines
2018,14,China Southern Airlines
2018,15,Etihad Airways
2018,16,Austrian Airlines
2018,17,Air New Zealand
2018,18,Turkish Airlines
2018,19,KLM Royal Dutch Airlines
2018,20,Hong Kong Airlines
2018,21,Bangkok Airways
2018,22,Virgin Australia
2018,23,Aeroflot
2018,24,Asiana Airlines
2018,25,Air France
2018,26,Cathay Dragon
2018,27,Finnair
2018,28,AirAsia
2018,29,Virgin Atlantic
2018,30,Air Canada
2018,31,British Airways
2018,32,Norwegian
2018,33,Korean Air
2018,34,Malaysia Airlines
2018,35,China Airlines
2018,36,Aer Lingus
2018,37,Delta Air Lines
2018,38,Alaska Airlines
2018,39,Aegean Airlines
2018,40,Ethiopian Airlines
2018,41,Iberia
2018,42,jetBlue Airways
2018,43,EasyJet
2018,44,Oman Air
2018,45,South African Airways
2018,46,Jetstar Airways
2018,47,AirAsia X
2018,48,Air Astana
2018,49,Philippine Airlines
2018,50,Vietnam Airlines
2018,51,Avianca
2018,52,Saudia
2018,53,Azul Airlines
2018,54,WestJet
2018,55,IndiGo
2018,56,SilkAir
2018,57,Southwest Airlines
2018,58,Azerbaijan Airlines
2018,59,Eurowings
2018,60,SAS Scandinavian
2018,61,Scoot
2018,62,Porter Airlines
2018,63,LATAM
2018,64,Ryanair
2018,65,Fiji Airways
2018,66,Copa Airlines
2018,67,LOT Polish
2018,68,Air Transat
2018,69,Air Mauritius
2018,70,Jetstar Asia
2018,71,American Airlines
2018,72,TAP Portugal
2018,73,TUI Airways
2018,74,Brussels Airlines
2018,75,Alitalia
2018,76,China Eastern Airlines
2018,77,Hawaiian Airlines
2018,78,Royal Brunei Airlines
2018,79,American Eagle
2018,80,Jet Airways
2018,81,Juneyao Air
2018,82,Air Seychelles
2018,83,Air Dolomiti
2018,84,Air Malta
2018,85,Kenya Airways
2018,86,Vistara
2018,87,Icelandair
2018,88,United Airlines
2018,89,Gulf Air
2018,90,Royal Jordanian Airlines
2018,91,Peach
2018,92,Jet2.com
2018,93,Air China
2018,94,Vueling Airlines
2018,95,SriLankan Airlines
2018,96,Air Nostrum
2018,97,Aeromexico
2018,98,S7 Airlines
2018,99,PAL Express
2018,100,AtlasGlobal
2019,1,Qatar Airways
2019,2,Singapore Airlines
2019,3,ANA All Nippon Airways
2019,4,Cathay Pacific Airways
2019,5,Emirates
2019,6,EVA Air
2019,7,Hainan Airlines
2019,8,Qantas Airways
2019,9,Lufthansa
2019,10,Thai Airways
2019,11,Japan Airlines
2019,12,Garuda Indonesia
2019,13,Swiss International Air Lines
2019,14,China Southern Airlines
2019,15,Austrian Airlines
2019,16,Air New Zealand
2019,17,Bangkok Airways
2019,18,KLM Royal Dutch Airlines
2019,19,British Airways
2019,20,AirAsia
2019,21,Virgin Atlantic
2019,22,Aeroflot
2019,23,Air France
2019,24,Hong Kong Airlines
2019,25,Virgin Australia
2019,26,Iberia
2019,27,Turkish Airlines
2019,28,Asiana Airlines
2019,29,Etihad Airways
2019,30,Philippine Airlines
2019,31,Air Canada
2019,32,Finnair
2019,33,Cathay Dragon
2019,34,China Airlines
2019,35,Korean Air
2019,36,Malaysia Airlines
2019,37,EasyJet
2019,38,Aer Lingus
2019,39,Norwegian
2019,40,jetBlue Airways
2019,41,Delta Air Lines
2019,42,Aegean Airlines
2019,43,Oman Air
2019,44,Ethiopian Airlines
2019,45,Fiji Airways
2019,46,South African Airways
2019,47,Southwest Airlines
2019,48,AirAsia X
2019,49,LATAM
2019,50,Azul Airlines
2019,51,Air Astana
2019,52,Azerbaijan Airlines
2019,53,Jetstar Airways
2019,54,Alaska Airlines
2019,55,WestJet
2019,56,Vietnam Airlines
2019,57,Saudia
2019,58,IndiGo
2019,59,Ryanair
2019,60,Air Transat
2019,61,Air Mauritius
2019,62,SilkAir
2019,63,Eurowings
2019,64,Scoot
2019,65,SAS Scandinavian
2019,66,Royal Brunei Airlines
2019,67,LOT Polish
2019,68,United Airlines
2019,69,Vistara
2019,70,Avianca
2019,71,Gulf Air
2019,72,Alitalia
2019,73,AtlasGlobal
2019,74,American Airlines
2019,75,China Eastern Airlines
2019,76,TAP Portugal
2019,77,TUI Airways
2019,78,Copa Airlines
2019,79,Brussels Airlines
2019,80,Juneyao Air
2019,81,Jetstar Asia
2019,82,Porter Airlines
2019,83,Hawaiian Airlines
2019,84,American Eagle
2019,85,PAL Express
2019,86,Peach
2019,87,Air Malta
2019,88,Air Seychelles
2019,89,Air Dolomiti
2019,90,Kenya Airways
2019,91,Vueling Airlines
2019,92,Air Canada rouge
2019,93,Royal Air Maroc
2019,94,LEVEL
2019,95,Jet2.com
2019,96,S7 Airlines
2019,97,Royal Jordanian Airlines
2019,98,Flynas
2019,99,Air China
2019,100,Icelandair
2021,1,Qatar Airways
2021,2,Singapore Airlines
2021,3,ANA All Nippon Airways
2021,4,Emirates
2021,5,Japan Airlines
2021,6,Cathay Pacific Airways
2021,7,EVA Air
2021,8,Qantas Airways
2021,9,Hainan Airlines
2021,10,Air France
2021,11,British Airways
2021,12,China Southern Airlines
2021,13,Lufthansa
2021,14,Aeroflot
2021,15,Garuda Indonesia
2021,16,KLM Royal Dutch Airlines
2021,17,Turkish Airlines
2021,18,Swiss International Air Lines
2021,19,Bangkok Airways
2021,20,Air New Zealand
2021,21,Etihad Airways
2021,22,Korean Air
2021,23,Thai Airways
2021,24,Virgin Atlantic
2021,25,Asiana Airlines
2021,26,Saudia
2021,27,Austrian Airlines
2021,28,Vistara
2021,29,AirAsia
2021,30,Delta Air Lines
2021,31,Finnair
2021,32,JetBlue Airways
2021,33,Air Canada
2021,34,Virgin Australia
2021,35,Iberia
2021,36,Aegean Airlines
2021,37,Ethiopian Airlines
2021,38,China Airlines
2021,39,Southwest Airlines
2021,40,Scoot
2021,41,Vietnam Airlines
2021,42,Oman Air
2021,43,Air Astana
2021,44,Gulf Air
2021,45,LATAM
2021,46,Aer Lingus
2021,47,Azul Airlines
2021,48,Vueling Airlines
2021,49,IndiGo
2021,50,EasyJet
2021,51,Malaysia Airlines
2021,52,Philippine Airlines
2021,53,WestJet
2021,54,Fiji Airways
2021,55,Azerbaijan Airlines
2021,56,Jetstar Airways
2021,57,Ryanair
2021,58,Royal Brunei Airlines
2021,59,Air Transat
2021,60,United Airlines
2021,61,Alaska Airlines
2021,62,SAS Scandinavian
2021,63,Hong Kong Airlines
2021,64,Juneyao Air
2021,65,Jetstar Asia
2021,66,Flynas
2021,67,South African Airways
2021,68,LOT Polish
2021,69,Brussels Airlines
2021,70,Peach
2021,71,S7 Airlines
2021,72,Eurowings
2021,73,TUI Airways
2021,74,Hawaiian Airlines
2021,75,Norwegian
2021,76,American Airlines
2021,77,TAP Portugal
2021,78,China Eastern Airlines
2021,79,Kenya Airways
2021,80,Air Malta
2021,81,Royal Air Maroc
2021,82,Air Mauritius
2021,83,Air Canada rouge
2021,84,Xiamen Airlines
2021,85,Copa Airlines
2021,86,Bamboo Airways
2021,87,Jet2.com
2021,88,SpiceJet
2021,89,JetSmart
2021,90,Spring Airlines
2021,91,American Eagle
2021,92,StarFlyer
2021,93,Air China
2021,94,Porter Airlines
2021,95,Air Arabia
2021,96,Wizz Air
2021,97,Royal Jordanian Airlines
2021,98,Avianca
2021,99,STARLUX Airlines
2021,100,Citilink
2022,1,Qatar Airways
2022,2,Singapore Airlines
2022,3,Emirates
2022,4,ANA All Nippon Airways
2022,5,Qantas Airways
2022,6,Japan Airlines
2022,7,Turkish Airlines
2022,8,Air France
2022,9,Korean Air
2022,10,Swiss International Air Lines
2022,11,British Airways
2022,12,Etihad Airways
2022,13,China Southern Airlines
2022,14,Hainan Airlines
2022,15,Lufthansa
2022,16,Cathay Pacific Airways
2022,17,KLM Royal Dutch Airlines
2022,18,EVA Air
2022,19,Virgin Atlantic
2022,20,Vistara
2022,21,Finnair
2022,22,Gulf Air
2022,23,Bangkok Airways
2022,24,Delta Air Lines
2022,25,Iberia
2022,26,Ethiopian Airlines
2022,27,AirAsia
2022,28,Aegean Airlines
2022,29,Scoot
2022,30,Air New Zealand
2022,31,Garuda Indonesia
2022,32,Austrian Airlines
2022,33,Asiana Airlines
2022,34,Saudia
2022,35,Southwest Airlines
2022,36,Fiji Airways
2022,37,Oman Air
2022,38,Air Astana
2022,39,WestJet
2022,40,Ryanair
2022,41,JetBlue Airways
2022,42,China Airlines
2022,43,Virgin Australia
2022,44,Malaysia Airlines
2022,45,IndiGo
2022,46,Thai Airways
2022,47,LATAM
2022,48,Vietnam Airlines
2022,49,Azul Airlines
2022,50,Air Canada
2022,51,Vueling Airlines
2022,52,Azerbaijan Airlines
2022,53,Royal Brunei Airlines
2022,54,Aer Lingus
2022,55,EasyJet
2022,56,Jet2.com
2022,57,Jetstar Airways
2022,58,Flynas
2022,59,Alaska Airlines
2022,60,United Airlines
2022,61,SunExpress
2022,62,Peach
2022,63,Eurowings
2022,64,SAS Scandinavian
2022,65,Hawaiian Airlines
2022,66,Royal Air Maroc
2022,67,TAP Portugal
2022,68,American Airlines
2022,69,Hong Kong Airlines
2022,70,airBaltic
2022,71,Jetstar Asia
2022,72,Rex Airlines
2022,73,LOT Polish
2022,74,Air Transat
2022,75,Brussels Airlines
2022,76,Kuwait Airways
2022,77,Philippine Airlines
2022,78,Air Arabia
2022,79,South African Airways
2022,80,flyDubai
2022,81,Kenya Airways
2022,82,Air Canada rouge
2022,83,Air Malta
2022,84,Norwegian
2022,85,Sky Airline
2022,86,TUI Airways
2022,87,Copa Airlines
2022,88,Air Mauritius
2022,89,JetSmart
2022,90,American Eagle
2022,91,Citilink
2022,92,Air Serbia
2022,93,Wizz Air
2022,94,Avianca
2022,95,Egyptair
2022,96,China Eastern Airlines
2022,97,Air Dolomiti
2022,98,ITA Airways
2022,99,LEVEL
2022,100,Buta Airways
2023,1,Singapore Airlines
2023,2,Qatar Airways
2023,3,ANA All Nippon Airways
2023,4,Emirates
2023,5,Japan Airlines
2023,6,Turkish Airlines
2023,7,Air France
2023,8,Cathay Pacific Airways
2023,9,EVA Air
2023,10,Korean Air
2023,11,Hainan Airlines
2023,12,Swiss International Air Lines
2023,13,Etihad Airways
2023,14,Iberia
2023,15,Fiji Airways
2023,16,Vistara
2023,17,Qantas Airways
2023,18,British Airways
2023,19,Air New Zealand
2023,20,Delta Air Lines
2023,21,Lufthansa
2023,22,Virgin Atlantic
2023,23,Saudia
2023,24,Finnair
2023,25,KLM Royal Dutch Airlines
2023,26,China Southern Airlines
2023,27,Oman Air
2023,28,Asiana Airlines
2023,29,Bangkok Airways
2023,30,Garuda Indonesia
2023,31,AirAsia
2023,32,Gulf Air
2023,33,Scoot
2023,34,Austrian Airlines
2023,35,Ethiopian Airlines
2023,36,Aegean Airlines
2023,37,Air Astana
2023,38,Air Canada
2023,39,STARLUX Airlines
2023,40,Thai Airways
2023,41,China Airlines
2023,42,Kuwait Airways
2023,43,IndiGo
2023,44,Vietnam Airlines
2023,45,LATAM
2023,46,Virgin Australia
2023,47,Malaysia Airlines
2023,48,Azul Brazilian
2023,49,United Airlines
2023,50,Azerbaijan Airlines
2023,51,Flynas
2023,52,Alaska Airlines
2023,53,Royal Air Maroc
2023,54,Volotea
2023,55,jetBlue Airways
2023,56,Rex Airlines
2023,57,Aer Lingus
2023,58,Transavia France
2023,59,Sun Country Airlines
2023,60,Southwest Airlines
2023,61,airBaltic
2023,62,Air Transat
2023,63,Jet2.com
2023,64,WestJet
2023,65,EasyJet
2023,66,Royal Brunei Airlines
2023,67,Vueling Airlines
2023,68,Ryanair
2023,69,Jetstar Airways
2023,70,flyDubai
2023,71,SunExpress
2023,72,South African Airways
2023,73,Kenya Airways
2023,74,Peach
2023,75,Hong Kong Airlines
2023,76,JetSMART Airlines
2023,77,Jetstar Asia
2023,78,Air Mauritius
2023,79,Eurowings
2023,80,Philippine Airlines
2023,81,SKY Airline
2023,82,American Airlines
2023,83,Copa Airlines
2023,84,SAS Scandinavian
2023,85,Hawaiian Airlines
2023,86,LOT Polish
2023,87,Wizz Air
2023,88,Air Arabia
2023,89,TAP Portugal
2023,90,RwandAir
2023,91,PLAY
2023,92,TUI Airways
2023,93,Air Canada rouge
2023,94,Citilink
2023,95,Juneyao Air
2023,96,Air Dolomiti
2023,97,Breeze Airways
2023,98,Norwegian
2023,99,Porter Airlines
2023,100,Brussels Airlines
2024,1,Qatar Airways
2024,2,Singapore Airlines
2024,3,Emirates
2024,4,ANA All Nippon Airways
2024,5,Cathay Pacific Airways
2024,6,Japan Airlines
2024,7,Turkish Airlines
2024,8,EVA Air
2024,9,Air France
2024,10,Swiss International Air Lines
2024,11,Korean Air
2024,12,Hainan Airlines
2024,13,British Airways
2024,14,Fiji Airways
2024,15,Iberia
2024,16,Vistara
2024,17,Virgin Atlantic
2024,18,Lufthansa
2024,19,Etihad Airways
2024,20,Saudia
2024,21,Delta Air Lines
2024,22,Air New Zealand
2024,23,Finnair
2024,24,Qantas Airways
2024,25,Oman Air
2024,26,KLM Royal Dutch Airlines
2024,27,Bangkok Airways
2024,28,Austrian Airlines
2024,29,Air Canada
2024,30,AirAsia
2024,31,China Southern Airlines
2024,32,Scoot
2024,33,Thai Airways
2024,34,Garuda Indonesia
2024,35,STARLUX Airlines
2024,36,Ethiopian Airlines
2024,37,Asiana Airlines
2024,38,Air Astana
2024,39,Malaysia Airlines
2024,40,Aegean Airlines
2024,41,Gulf Air
2024,42,United Airlines
2024,43,LATAM
2024,44,China Airlines
2024,45,Vietnam Airlines
2024,46,Azerbaijan Airlines
2024,47,Volotea
2024,48,Flynas
2024,49,Aer Lingus
2024,50,Rex Airlines
2024,51,Transavia France
2024,52,IndiGo
2024,53,Azul Brazilian
2024,54,Virgin Australia
2024,55,Royal Air Maroc
2024,56,Vueling Airlines
2024,57,Porter Airlines
2024,58,airBaltic
2024,59,Air Transat
2024,60,Alaska Airlines
2024,61,Hong Kong Airlines
2024,62,Iberia Express
2024,63,Ryanair
2024,64,WestJet
2024,65,jetBlue Airways
2024,66,EasyJet
2024,67,flyDubai
2024,68,Jet2.com
2024,69,South African Airways
2024,70,Eurowings
2024,71,TAP Portugal
2024,72,SunExpress
2024,73,Royal Brunei Airlines
2024,74,ITA Airways
2024,75,Jetstar Airways
2024,76,SKY Airline
2024,77,Kenya Airways
2024,78,American Airlines
2024,79,SAS Scandinavian
2024,80,JetSMART Airlines
2024,81,RwandAir
2024,82,Allegiant Air
2024,83,TUI Airways
2024,84,Jetstar Asia
2024,85,Air Mauritius
2024,86,Sun Country Airlines
2024,87,PLAY
2024,88,Egyptair
2024,89,Peach
2024,90,Air India
2024,91,Breeze Airways
2024,92,Kuwait Airways
2024,93,Southwest Airlines
2024,94,Air Arabia
2024,95,LOT Polish
2024,96,Philippine Airlines
2024,97,Copa Airlines
2024,98,Air Dolomiti
2024,99,Hawaiian Airlines
2024,100,FlyArystan
